{"node_dim": 62, "edge_dim": 8, "train_y_mean": 84.64446079995255, "train_y_std": 53.837120272139224}